,scenario,method,accuracy,accuracy,macro_f1,macro_f1
,,,mean,std,mean,std
0,conversion_degradation,ACOS-only,0.535244,0.0062056314122327545,0.437789968960143,0.004823306257338512
1,conversion_degradation,Evidence-aware,0.668712,0.006060936817195899,0.6669162448557394,0.004692269467030432
2,conversion_degradation,Multi-metric,0.616864,0.006791644326159975,0.5985644308017755,0.006060046606812184
3,cost_inflation,ACOS-only,0.5418959999999999,0.006568227791918503,0.44240049390114905,0.005317886134274304
4,cost_inflation,Evidence-aware,0.6716960000000001,0.006226243339482402,0.668609812525371,0.00549578393462511
5,cost_inflation,Multi-metric,0.638336,0.006560791390790389,0.6179247491999372,0.0060028364107768805
6,noisy_metrics,ACOS-only,0.537172,0.005875998916380607,0.4319362841743063,0.004538002824823004
7,noisy_metrics,Evidence-aware,0.6669759999999999,0.005834120607709992,0.6573615600081757,0.0049356161802806804
8,noisy_metrics,Multi-metric,0.635848,0.006401856873483755,0.6115824527704224,0.005993629285775676
9,sparse_traffic,ACOS-only,0.509068,0.007029222966317402,0.39852931714822193,0.005322420839295058
10,sparse_traffic,Evidence-aware,0.644764,0.007666698728119875,0.6252156920700377,0.005899526980178021
11,sparse_traffic,Multi-metric,0.599992,0.007595375607054906,0.5669130402549324,0.00666423334035605
