seed,scenario,method,accuracy,macro_precision,macro_recall,macro_f1
0,cost_inflation,ACOS-only,0.5444,0.4669528505318136,0.5325064755640521,0.4424182967240407
0,cost_inflation,Evidence-aware,0.6708,0.7529998274393674,0.7039259943600519,0.6668458128187631
0,cost_inflation,Multi-metric,0.6382,0.6861278478583751,0.6762018100648348,0.6161921047940735
0,conversion_degradation,ACOS-only,0.5398,0.45716331577921554,0.5275991614932866,0.44149903689855574
0,conversion_degradation,Evidence-aware,0.6694,0.7317257852347718,0.703348856202683,0.6685283008776627
0,conversion_degradation,Multi-metric,0.621,0.6518018532829946,0.6578621853122921,0.6017982335490755
0,sparse_traffic,ACOS-only,0.5206,0.44501956344869387,0.5123320192951668,0.4081465062397401
0,sparse_traffic,Evidence-aware,0.6516,0.7211544035063868,0.6923171013110749,0.6320168231386737
0,sparse_traffic,Multi-metric,0.607,0.684489478528945,0.6494701582383071,0.5736243543535428
0,noisy_metrics,ACOS-only,0.5454,0.47360370805067775,0.5338589610370619,0.4396594057048028
0,noisy_metrics,Evidence-aware,0.6718,0.7580665910727371,0.7052784798330617,0.6633102666376588
0,noisy_metrics,Multi-metric,0.6398,0.6988394452108192,0.6779568393913635,0.615788644206255
1,cost_inflation,ACOS-only,0.54,0.47094248730715726,0.5292092317868974,0.4401927841907696
1,cost_inflation,Evidence-aware,0.6698,0.7578192164908584,0.7027612176833182,0.6670257322096318
1,cost_inflation,Multi-metric,0.6354,0.6900510604319008,0.6754131208178569,0.6149811134977341
1,conversion_degradation,ACOS-only,0.5336,0.4552209305593813,0.5236094918176046,0.43755255529380666
1,conversion_degradation,Evidence-aware,0.667,0.7308624981002805,0.7019678862587517,0.6674808601405166
1,conversion_degradation,Multi-metric,0.6118,0.6445275709628814,0.652631948601597,0.5950377619840407
1,sparse_traffic,ACOS-only,0.5044,0.413865413245849,0.5001212637396216,0.3927447925377286
1,sparse_traffic,Evidence-aware,0.6398,0.6925762838769971,0.682357599199448,0.62009346040709
1,sparse_traffic,Multi-metric,0.5964,0.660598771410711,0.6428570405562015,0.5633396172772318
1,noisy_metrics,ACOS-only,0.5366,0.4708637707091504,0.527216925989216,0.43199666566675293
1,noisy_metrics,Evidence-aware,0.6664,0.7545427347749186,0.7007689118856367,0.6581087244871784
1,noisy_metrics,Multi-metric,0.635,0.6996368928847694,0.6757542900453946,0.6119075691844525
2,cost_inflation,ACOS-only,0.533,0.46205583482747314,0.5328378702873648,0.4343783321644704
2,cost_inflation,Evidence-aware,0.6682,0.7465010943281829,0.7024509273201909,0.6602139352993873
2,cost_inflation,Multi-metric,0.6424,0.6895283333993472,0.68007163948721,0.6185671692360686
2,conversion_degradation,ACOS-only,0.5308,0.4528663240950582,0.5304228588979185,0.43588476996725073
2,conversion_degradation,Evidence-aware,0.6694,0.726750033748695,0.7042965675598172,0.6642849241355334
2,conversion_degradation,Multi-metric,0.6248,0.6557824001751125,0.6608245535988058,0.6048590103918275
2,sparse_traffic,ACOS-only,0.507,0.4368117378426303,0.510038218666811,0.4030436889867053
2,sparse_traffic,Evidence-aware,0.6492,0.7129276119773893,0.6898444415410698,0.6300538072822444
2,sparse_traffic,Multi-metric,0.6112,0.6815764566706248,0.6526284747165856,0.580074192186116
2,noisy_metrics,ACOS-only,0.5324,0.46848276098515507,0.5332735555015142,0.42935893706657646
2,noisy_metrics,Evidence-aware,0.6676,0.7524541052570076,0.7028866125343403,0.6544818278831972
2,noisy_metrics,Multi-metric,0.6438,0.7028743957073775,0.6820011957060562,0.6178457624204879
3,cost_inflation,ACOS-only,0.543,0.46997063325982963,0.5317372265404894,0.441512622284921
3,cost_inflation,Evidence-aware,0.673,0.7567823081822246,0.7029244011371182,0.6666652011864127
3,cost_inflation,Multi-metric,0.6396,0.6908573622377341,0.674487007662961,0.6154372263728506
3,conversion_degradation,ACOS-only,0.5382,0.4605501640577122,0.5271862304959655,0.43934781331757
3,conversion_degradation,Evidence-aware,0.6726,0.7378248354642191,0.7041628787768046,0.6681993448589831
3,conversion_degradation,Multi-metric,0.6148,0.6479210602542618,0.6494097909227801,0.5936552861257909
3,sparse_traffic,ACOS-only,0.516,0.4350967383851427,0.5086887343131998,0.40245628224871205
3,sparse_traffic,Evidence-aware,0.6504,0.7107407655277461,0.6878180708769402,0.6260567975830156
3,sparse_traffic,Multi-metric,0.6058,0.6680709183345555,0.6454377304961055,0.5687443292726367
3,noisy_metrics,ACOS-only,0.5404,0.47260442170278527,0.53032682840799,0.4328414324298648
3,noisy_metrics,Evidence-aware,0.6704,0.7577098547459189,0.7015140030046185,0.65708155420822
3,noisy_metrics,Multi-metric,0.6404,0.7048790574504593,0.6758287840286128,0.6134177226020702
4,cost_inflation,ACOS-only,0.5376,0.4646954890441794,0.5275216619807249,0.43550019003359297
4,cost_inflation,Evidence-aware,0.668,0.7509886273674009,0.6978780405341766,0.6609609168390308
4,cost_inflation,Multi-metric,0.6384,0.6854143419523792,0.6739503741158419,0.6138638407849178
4,conversion_degradation,ACOS-only,0.5338,0.4563711154634313,0.5242964583223241,0.43304465024109823
4,conversion_degradation,Evidence-aware,0.6692,0.733775885127329,0.7011802520193788,0.6626605761067355
4,conversion_degradation,Multi-metric,0.6194,0.6575351267509715,0.6548199129348973,0.5966951693468288
4,sparse_traffic,ACOS-only,0.5154,0.4394911359750844,0.5087238284048462,0.40354836358495466
4,sparse_traffic,Evidence-aware,0.6538,0.7171101076168208,0.6913449453122904,0.6310987045214522
4,sparse_traffic,Multi-metric,0.6082,0.6698151365093278,0.6478097960650855,0.5714903982742161
4,noisy_metrics,ACOS-only,0.5348,0.4661308350684138,0.5257786284604731,0.42710379037212337
4,noisy_metrics,Evidence-aware,0.6652,0.7499634142519211,0.6961350070139247,0.651739163837111
4,noisy_metrics,Multi-metric,0.6358,0.6926978357863464,0.6723149997530304,0.606468350725208
5,cost_inflation,ACOS-only,0.5576,0.4875537215462096,0.5397026856618465,0.45301996175943715
5,cost_inflation,Evidence-aware,0.685,0.7713691184032404,0.7123925510704692,0.6797198698995528
5,cost_inflation,Multi-metric,0.6464,0.703569299399285,0.6829474669316471,0.6253658896848175
5,conversion_degradation,ACOS-only,0.55,0.4786238434537526,0.5340415020357336,0.44743233670612287
5,conversion_degradation,Evidence-aware,0.68,0.7531673630676334,0.7102544026747086,0.6758943341318007
5,conversion_degradation,Multi-metric,0.6262,0.667760523030935,0.6650237930709684,0.6080404067209191
5,sparse_traffic,ACOS-only,0.5264,0.4575638193006041,0.5138486698473426,0.413243251590724
5,sparse_traffic,Evidence-aware,0.6594,0.7336595656613853,0.6955939500493576,0.6404508495259413
5,sparse_traffic,Multi-metric,0.609,0.6878666614244411,0.6510040662873227,0.5770640295270448
5,noisy_metrics,ACOS-only,0.546,0.4831221762977814,0.5308967259955266,0.43254892111157217
5,noisy_metrics,Evidence-aware,0.6734,0.7651116781007377,0.7035865914041493,0.6584308887067629
5,noisy_metrics,Multi-metric,0.6366,0.7021107306169387,0.6754860218359101,0.6083680084344746
6,cost_inflation,ACOS-only,0.5468,0.469540862460405,0.5341847361012176,0.4479555968985003
6,cost_inflation,Evidence-aware,0.6776,0.7561085267401364,0.7088796845570824,0.67625853285877
6,cost_inflation,Multi-metric,0.6416,0.6920969866191529,0.6813200371625581,0.6248071177309207
6,conversion_degradation,ACOS-only,0.5374,0.46027991490168435,0.5265391567391947,0.43947784182645877
6,conversion_degradation,Evidence-aware,0.6706,0.7371284373697415,0.7044383775582103,0.6694992246453195
6,conversion_degradation,Multi-metric,0.6168,0.6573727383498376,0.658268678230633,0.6023882808199266
6,sparse_traffic,ACOS-only,0.5126,0.4454622424629064,0.5078675718217054,0.3999078665070265
6,sparse_traffic,Evidence-aware,0.649,0.7231053530408612,0.6917159817234324,0.6283205309322699
6,sparse_traffic,Multi-metric,0.6014,0.682720083057188,0.6493961105784554,0.5683998152050785
6,noisy_metrics,ACOS-only,0.537,0.4724665582742473,0.5277393295716107,0.4295592603524391
6,noisy_metrics,Evidence-aware,0.6678,0.7578283364078151,0.7024342780274755,0.6568370059882681
6,noisy_metrics,Multi-metric,0.6352,0.7046869267098885,0.6776400693341863,0.6112711696955275
7,cost_inflation,ACOS-only,0.5314,0.4733941389061479,0.5352431522788793,0.4390875866666063
7,cost_inflation,Evidence-aware,0.6658,0.7602021397491274,0.7123789159478469,0.669019842246149
7,cost_inflation,Multi-metric,0.6384,0.6997723242129447,0.6873465558112162,0.6229357572432802
7,conversion_degradation,ACOS-only,0.5236,0.45639126843410294,0.5288556511324387,0.4320166868211931
7,conversion_degradation,Evidence-aware,0.6608,0.7331065934354969,0.7096804793600361,0.664483759964303
7,conversion_degradation,Multi-metric,0.6176,0.6546151846383197,0.6665156158826837,0.6030518946054304
7,sparse_traffic,ACOS-only,0.49,0.4164695777206652,0.5025314660704734,0.3890390700866755
7,sparse_traffic,Evidence-aware,0.6308,0.6972392506661929,0.6889486852683611,0.6207399993964342
7,sparse_traffic,Multi-metric,0.5938,0.6592031660594577,0.6519996511256255,0.5692964908141809
7,noisy_metrics,ACOS-only,0.5218,0.4716391982981477,0.5286133503494934,0.4245819393617647
7,noisy_metrics,Evidence-aware,0.6562,0.7562663711597781,0.7057491140184611,0.6537179815496315
7,noisy_metrics,Multi-metric,0.6318,0.701811242575461,0.6829187210771576,0.6133329218620174
8,cost_inflation,ACOS-only,0.5402,0.4801672537811232,0.5326708440733757,0.4429765373575417
8,cost_inflation,Evidence-aware,0.6592,0.7571204295729275,0.7014460799689948,0.6623291775162795
8,cost_inflation,Multi-metric,0.6222,0.6864559730094123,0.6745514051608451,0.6076377367876077
8,conversion_degradation,ACOS-only,0.5346,0.4689577115516185,0.5272451918087784,0.4384572236190289
8,conversion_degradation,Evidence-aware,0.6576,0.7373903084167015,0.7016781363324032,0.6616721153040149
8,conversion_degradation,Multi-metric,0.6026,0.6485522420865142,0.6552266620514084,0.5889658362699748
8,sparse_traffic,ACOS-only,0.4956,0.4059753548037145,0.49901322810598703,0.38642865286327804
8,sparse_traffic,Evidence-aware,0.6188,0.6728218439037358,0.6763859568890863,0.6047157992102006
8,sparse_traffic,Multi-metric,0.5732,0.6361450560841011,0.6371860507110491,0.5447722670129705
8,noisy_metrics,ACOS-only,0.5274,0.4671272372665835,0.523550337060259,0.4245006009240596
8,noisy_metrics,Evidence-aware,0.6464,0.7429281611187534,0.692325572955878,0.6429331080577496
8,noisy_metrics,Multi-metric,0.6118,0.6801781245390548,0.6671215578379627,0.592926150172271
9,cost_inflation,ACOS-only,0.5396,0.47148608782960677,0.5289930005036709,0.43835385672673066
9,cost_inflation,Evidence-aware,0.6666,0.7553736877110293,0.703113948049276,0.6643325678725222
9,cost_inflation,Multi-metric,0.6312,0.6856675103274369,0.6760609871747421,0.6115023192749247
9,conversion_degradation,ACOS-only,0.5404,0.467706209861119,0.5292435298332865,0.4440630998999639
9,conversion_degradation,Evidence-aware,0.6704,0.7390835420144685,0.7074740664199876,0.6722300501642682
9,conversion_degradation,Multi-metric,0.6186,0.6591895129600192,0.6632633997120388,0.6045287104505357
9,sparse_traffic,ACOS-only,0.511,0.43586177401060955,0.5067877333804338,0.4013945962855159
9,sparse_traffic,Evidence-aware,0.6418,0.7085831693614828,0.68826516006334,0.6258564449362625
9,sparse_traffic,Multi-metric,0.5944,0.661464135219819,0.6465847679940463,0.5642451955465442
9,noisy_metrics,ACOS-only,0.538,0.4718332724719626,0.5285995817207971,0.43290909140184564
9,noisy_metrics,Evidence-aware,0.665,0.753427679811501,0.7027205292664023,0.6583154088896503
9,noisy_metrics,Multi-metric,0.631,0.6940768616163154,0.676731378935252,0.6089923201226852
10,cost_inflation,ACOS-only,0.5292,0.45576430294910164,0.5281649239607871,0.43231851309246005
10,cost_inflation,Evidence-aware,0.6642,0.7419680996612128,0.7040499061470922,0.6625430849646272
10,cost_inflation,Multi-metric,0.6254,0.6769868216169883,0.6709061124005544,0.6074301325220026
10,conversion_degradation,ACOS-only,0.5282,0.45426398576353444,0.5273331026274606,0.4342435734993999
10,conversion_degradation,Evidence-aware,0.6664,0.7308223201918633,0.7073847514804323,0.6668450232476053
10,conversion_degradation,Multi-metric,0.6072,0.6459635609490068,0.6531488876528221,0.5922439577449656
10,sparse_traffic,ACOS-only,0.501,0.42774692032085815,0.5064956418899125,0.39639155989922686
10,sparse_traffic,Evidence-aware,0.6396,0.703109716064836,0.6885722407776428,0.6241386915304687
10,sparse_traffic,Multi-metric,0.5912,0.663693070138975,0.6440319326931389,0.562955876243982
10,noisy_metrics,ACOS-only,0.531,0.46742673124042466,0.5310133017720824,0.43044139635361073
10,noisy_metrics,Evidence-aware,0.666,0.7516000601219186,0.7068982839583875,0.6598531865652
10,noisy_metrics,Multi-metric,0.6302,0.6954041282097765,0.6760729288738261,0.6107859804525808
11,cost_inflation,ACOS-only,0.545,0.4798476220532152,0.5348550646717296,0.4434114469571101
11,cost_inflation,Evidence-aware,0.667,0.7607425776154255,0.7074403746344873,0.6669899199471303
11,cost_inflation,Multi-metric,0.6342,0.6937459349019655,0.6821590095244096,0.6148624966746582
11,conversion_degradation,ACOS-only,0.5372,0.4672395802762212,0.527239272746779,0.43843613808245385
11,conversion_degradation,Evidence-aware,0.6632,0.740414847700808,0.7053834473918512,0.6651863367341639
11,conversion_degradation,Multi-metric,0.6094,0.6557253613472677,0.6571751491780063,0.593193414015396
11,sparse_traffic,ACOS-only,0.509,0.42681727114629125,0.5057152946374418,0.39886649066861884
11,sparse_traffic,Evidence-aware,0.6364,0.6986978644880475,0.6881511294321948,0.622517739059095
11,sparse_traffic,Multi-metric,0.5922,0.6549913809938526,0.647816912980696,0.5634031064793161
11,noisy_metrics,ACOS-only,0.5388,0.48511525524597215,0.5306231556267489,0.4322061098725687
11,noisy_metrics,Evidence-aware,0.661,0.7639730790873008,0.7034076687767576,0.65517556774615
11,noisy_metrics,Multi-metric,0.6298,0.7041397516915825,0.6792790587497459,0.6070785181303568
12,cost_inflation,ACOS-only,0.5426,0.47449592964735376,0.5378710103620897,0.4444163446335871
12,cost_inflation,Evidence-aware,0.673,0.76040170703463,0.7084645106390105,0.6689647354353865
12,cost_inflation,Multi-metric,0.6434,0.696655146886837,0.6827888344028848,0.6216306551732125
12,conversion_degradation,ACOS-only,0.535,0.4575977448901568,0.5305152113414826,0.43679410923284506
12,conversion_degradation,Evidence-aware,0.6704,0.7368031346776674,0.7076361267620064,0.6657596951696754
12,conversion_degradation,Multi-metric,0.6206,0.6578880512707351,0.6580793601448824,0.6001596242101332
12,sparse_traffic,ACOS-only,0.5104,0.427313151802846,0.510758628646675,0.4009076154142413
12,sparse_traffic,Evidence-aware,0.6478,0.7049253842115938,0.6928566981141963,0.6269876621854156
12,sparse_traffic,Multi-metric,0.6054,0.6758157016866875,0.6502965498397706,0.5720746987252932
12,noisy_metrics,ACOS-only,0.5396,0.48279388262590917,0.5363581542685021,0.4356720753444394
12,noisy_metrics,Evidence-aware,0.67,0.7665646415100824,0.7069516545454227,0.659502455863507
12,noisy_metrics,Multi-metric,0.644,0.7124869162753875,0.6841909580663822,0.6188752791246662
13,cost_inflation,ACOS-only,0.5358,0.4671188866196977,0.5289463316871739,0.43780857950917945
13,cost_inflation,Evidence-aware,0.6708,0.7529503041167926,0.7063444920025483,0.6682437134536015
13,cost_inflation,Multi-metric,0.631,0.6815248109263192,0.6728338570280837,0.6113155565026052
13,conversion_degradation,ACOS-only,0.5352,0.46865916856496836,0.5292230656906366,0.4375780741075722
13,conversion_degradation,Evidence-aware,0.6734,0.7445287418137866,0.7108262194357089,0.670321366911404
13,conversion_degradation,Multi-metric,0.6184,0.6599894869548419,0.6607597069002378,0.5995614934519032
13,sparse_traffic,ACOS-only,0.5058,0.4287553673982779,0.5054671921697682,0.39713163868785023
13,sparse_traffic,Evidence-aware,0.6436,0.7024967187391586,0.6887220816740235,0.6238319705910222
13,sparse_traffic,Multi-metric,0.5934,0.6568556188865857,0.6422838113752201,0.5596638819129052
13,noisy_metrics,ACOS-only,0.5362,0.4752858168334931,0.530769376080813,0.43300871753680487
13,noisy_metrics,Evidence-aware,0.6712,0.759437772352191,0.7081675363961875,0.6625558729213642
13,noisy_metrics,Multi-metric,0.6328,0.6975741890603261,0.6757229049812762,0.6093523866666704
14,cost_inflation,ACOS-only,0.5392,0.4619302234321639,0.5260759522738837,0.4383146521809792
14,cost_inflation,Evidence-aware,0.6712,0.7508260517767937,0.6995319312489165,0.6650154205245942
14,cost_inflation,Multi-metric,0.64,0.6880335289915713,0.674035565950768,0.6159908419929213
14,conversion_degradation,ACOS-only,0.5316,0.4558829576872025,0.5186767595531837,0.4333348505884039
14,conversion_degradation,Evidence-aware,0.6678,0.7346893046121663,0.6976517924046949,0.6633615755754219
14,conversion_degradation,Multi-metric,0.6124,0.6461016314192025,0.6467886638571672,0.5900581187368724
14,sparse_traffic,ACOS-only,0.509,0.4228874537270012,0.500212518071921,0.39413234059343866
14,sparse_traffic,Evidence-aware,0.6474,0.7022954349770012,0.6838581482781991,0.6218110089799063
14,sparse_traffic,Multi-metric,0.6042,0.6582784881717788,0.6433441566243104,0.5649789650499196
14,noisy_metrics,ACOS-only,0.5368,0.4669318319954091,0.5246879773303051,0.4299690513766518
14,noisy_metrics,Evidence-aware,0.6688,0.7532058287019379,0.698143956305338,0.6558850706350353
14,noisy_metrics,Multi-metric,0.6402,0.6996661194237014,0.6747742769159926,0.6128746148994972
15,cost_inflation,ACOS-only,0.552,0.4769795654582431,0.5303284683601037,0.4472291415847269
15,cost_inflation,Evidence-aware,0.6824,0.7579315425241967,0.7043412466756894,0.6727523219178531
15,cost_inflation,Multi-metric,0.6474,0.6933350018914354,0.6782760157622676,0.6214004554757763
15,conversion_degradation,ACOS-only,0.5458,0.46581607946446607,0.5246500450746042,0.4428480893030041
15,conversion_degradation,Evidence-aware,0.68,0.7367041503468597,0.7037294900568565,0.6714017196102522
15,conversion_degradation,Multi-metric,0.6262,0.6604497081214908,0.6584509486535381,0.6024562445150503
15,sparse_traffic,ACOS-only,0.5166,0.40959807255964603,0.4998460673424856,0.3972621666548518
15,sparse_traffic,Evidence-aware,0.651,0.6791773457617073,0.6816760770230277,0.621252754648094
15,sparse_traffic,Multi-metric,0.6052,0.632436190982476,0.641537799779891,0.5616402349695353
15,noisy_metrics,ACOS-only,0.546,0.48009141597002253,0.5257516943421108,0.43381233053189927
15,noisy_metrics,Evidence-aware,0.6764,0.7583803281434992,0.6997644726576964,0.6586434156860811
15,noisy_metrics,Multi-metric,0.6422,0.7001367393355761,0.6743203372719732,0.6099357793691085
16,cost_inflation,ACOS-only,0.5432,0.47208386868771124,0.5311847204783418,0.4433469175104824
16,cost_inflation,Evidence-aware,0.6756,0.7578101263522944,0.7067727760041419,0.6704897484221221
16,cost_inflation,Multi-metric,0.6436,0.6962372792090257,0.6805834078635846,0.6218731845883505
16,conversion_degradation,ACOS-only,0.5398,0.46611318431766213,0.5274775304293788,0.44156229251196233
16,conversion_degradation,Evidence-aware,0.676,0.7438206647086818,0.7080986985379603,0.6720773221192728
16,conversion_degradation,Multi-metric,0.6214,0.6600847848496025,0.6580136928457277,0.6021638241252557
16,sparse_traffic,ACOS-only,0.51,0.4211701518848603,0.5032636044714092,0.3986490881217553
16,sparse_traffic,Evidence-aware,0.6484,0.6997303895006007,0.6884400053762554,0.6268434885636319
16,sparse_traffic,Multi-metric,0.603,0.6544569739772139,0.6461397290162509,0.5669727748409307
16,noisy_metrics,ACOS-only,0.5374,0.4796907614297057,0.5274789539344493,0.42961386840306853
16,noisy_metrics,Evidence-aware,0.6698,0.7641685223446835,0.7030670094602495,0.6558411293884484
16,noisy_metrics,Multi-metric,0.6404,0.7073782433205564,0.6790025216214706,0.6130226935220813
17,cost_inflation,ACOS-only,0.5368,0.47064541489680406,0.5285406499344355,0.440667093630377
17,cost_inflation,Evidence-aware,0.657,0.7494673994452048,0.697491218903067,0.6617455725512895
17,cost_inflation,Multi-metric,0.6258,0.6797442873655252,0.6750581981237191,0.6117468296851646
17,conversion_degradation,ACOS-only,0.5268,0.45656561107388,0.5200757221158396,0.4332740125110126
17,conversion_degradation,Evidence-aware,0.6514,0.7256101190774911,0.6951887560704655,0.6579101139759094
17,conversion_degradation,Multi-metric,0.6014,0.6384341327642272,0.6520635398250794,0.5899508744485845
17,sparse_traffic,ACOS-only,0.4972,0.41549387332066134,0.49824957758188404,0.3912910657347074
17,sparse_traffic,Evidence-aware,0.6264,0.6860355487241443,0.6817656861747582,0.6154966471975529
17,sparse_traffic,Multi-metric,0.5812,0.6439589202461279,0.640492178365867,0.5547703009544757
17,noisy_metrics,ACOS-only,0.537,0.47362380276158084,0.5303693068429974,0.4363096113317023
17,noisy_metrics,Evidence-aware,0.6572,0.7517609355104857,0.6993198758116289,0.6565732204252281
17,noisy_metrics,Multi-metric,0.6282,0.6930140963477947,0.6784557099864942,0.6117080218665955
18,cost_inflation,ACOS-only,0.5382,0.47137773353539847,0.5314726364388228,0.43964663442020474
18,cost_inflation,Evidence-aware,0.6692,0.7564461239177335,0.7040376458001709,0.66600477528812
18,cost_inflation,Multi-metric,0.6356,0.6873040930401457,0.6748945269995981,0.6155303154713456
18,conversion_degradation,ACOS-only,0.5318,0.45465985655666763,0.5258905209637306,0.4340847892340832
18,conversion_degradation,Evidence-aware,0.6664,0.7307668501247012,0.7031923724303417,0.6635141124277444
18,conversion_degradation,Multi-metric,0.6152,0.6481348758263412,0.6548513588994662,0.595554776913837
18,sparse_traffic,ACOS-only,0.5068,0.42249686043553697,0.5051128757170791,0.3993503890386349
18,sparse_traffic,Evidence-aware,0.641,0.6963816245688795,0.684247471098814,0.6227697680617068
18,sparse_traffic,Multi-metric,0.5978,0.6631467350069299,0.6429388525669493,0.5665440190734936
18,noisy_metrics,ACOS-only,0.5348,0.4666918107048028,0.5298020469908548,0.4303205248365538
18,noisy_metrics,Evidence-aware,0.6658,0.7502081440558526,0.7023670563522029,0.656005419438924
18,noisy_metrics,Multi-metric,0.6332,0.6971463329249381,0.6739949281549628,0.6082215484334593
19,cost_inflation,ACOS-only,0.5496,0.47353600811856367,0.5335289704887053,0.44654224856849184
19,cost_inflation,Evidence-aware,0.678,0.7627073072456941,0.7035491370252652,0.6714110185306277
19,cost_inflation,Multi-metric,0.643,0.7015484782823289,0.676331951869873,0.6198615447747476
19,conversion_degradation,ACOS-only,0.5424,0.4643251273007348,0.5278329543917456,0.44193578204721656
19,conversion_degradation,Evidence-aware,0.6748,0.7401052135345009,0.7031441262193109,0.6699730895371122
19,conversion_degradation,Multi-metric,0.6238,0.6610841723753108,0.65860084349858,0.6038154705954211
19,sparse_traffic,ACOS-only,0.5184,0.44706954530109577,0.5071273874357455,0.40400386252146686
19,sparse_traffic,Evidence-aware,0.6556,0.7269020348713288,0.6902785714066015,0.6319599398763193
19,sparse_traffic,Multi-metric,0.6072,0.6864748636386986,0.6458340674350886,0.5698124371564528
19,noisy_metrics,ACOS-only,0.5448,0.4682469177776338,0.5296412759067743,0.4385863373485225
19,noisy_metrics,Evidence-aware,0.6732,0.7552821331711244,0.6996614424433344,0.6626271240466173
19,noisy_metrics,Multi-metric,0.6414,0.7053154582883383,0.6751573721154926,0.6168914075573915
20,cost_inflation,ACOS-only,0.5426,0.4712155920709048,0.5318849139740294,0.4420343649782768
20,cost_inflation,Evidence-aware,0.6712,0.7554871636196269,0.704967013570261,0.6689136270688856
20,cost_inflation,Multi-metric,0.6386,0.6879501372750202,0.6788042917376608,0.6187509450423859
20,conversion_degradation,ACOS-only,0.5316,0.45521842051172623,0.5230263428517973,0.4318685301020581
20,conversion_degradation,Evidence-aware,0.6638,0.7314192327405584,0.7009536645207072,0.6617175484674095
20,conversion_degradation,Multi-metric,0.6116,0.6492362387641909,0.6534131892887167,0.5934746673927231
20,sparse_traffic,ACOS-only,0.5148,0.44059870053316735,0.5098469305638849,0.40442477467306726
20,sparse_traffic,Evidence-aware,0.6474,0.713475483957625,0.6904471525185022,0.6295815422865334
20,sparse_traffic,Multi-metric,0.6038,0.6726674203134035,0.650182266640708,0.572680302547154
20,noisy_metrics,ACOS-only,0.541,0.47589595700846843,0.5314674779042535,0.4362639207242257
20,noisy_metrics,Evidence-aware,0.6696,0.7580957698275459,0.7045495775004851,0.6624475165760266
20,noisy_metrics,Multi-metric,0.638,0.7006304646921238,0.6791093653798478,0.6154570018446456
21,cost_inflation,ACOS-only,0.5414,0.47065536866430324,0.533023428063389,0.4430877651323269
21,cost_inflation,Evidence-aware,0.6692,0.7537647840933394,0.7011588189285369,0.6654537407746901
21,cost_inflation,Multi-metric,0.6412,0.6945231544570019,0.6807468987584262,0.6207539429095037
21,conversion_degradation,ACOS-only,0.5398,0.46858081301717275,0.5322564643606951,0.4403504414853562
21,conversion_degradation,Evidence-aware,0.6726,0.7425311342285689,0.7069621574597458,0.6674310774570088
21,conversion_degradation,Multi-metric,0.628,0.6692117389234413,0.6677050994336329,0.6092114364536854
21,sparse_traffic,ACOS-only,0.507,0.4270622490599501,0.5053140517050891,0.3966838823881332
21,sparse_traffic,Evidence-aware,0.6442,0.7021710732150024,0.687653957924846,0.6229956708344687
21,sparse_traffic,Multi-metric,0.6032,0.6662961064216101,0.6501088621225147,0.5694095511666161
21,noisy_metrics,ACOS-only,0.5368,0.47314721058010345,0.5302362610230862,0.4333986014140699
21,noisy_metrics,Evidence-aware,0.6646,0.7547480287536634,0.6983716518882341,0.6549866137677012
21,noisy_metrics,Multi-metric,0.6402,0.7062755468669123,0.6808747114752083,0.6170389330236896
22,cost_inflation,ACOS-only,0.5536,0.4765861539776937,0.5347940034740197,0.45268857070357277
22,cost_inflation,Evidence-aware,0.6772,0.7616847239576823,0.7051968619416847,0.6759926114361345
22,cost_inflation,Multi-metric,0.6418,0.692810377133677,0.6771141157742295,0.6223228359471681
22,conversion_degradation,ACOS-only,0.5422,0.46088397008584925,0.5251791825864451,0.4417226153928574
22,conversion_degradation,Evidence-aware,0.6702,0.7358571010757515,0.7016426471147161,0.6690102996795271
22,conversion_degradation,Multi-metric,0.6154,0.6488401343765695,0.6530894736527995,0.596105502555426
22,sparse_traffic,ACOS-only,0.5164,0.4305542538224045,0.5036017143627657,0.3997017217685162
22,sparse_traffic,Evidence-aware,0.6494,0.7089301676436808,0.6883465524829413,0.6279354108408018
22,sparse_traffic,Multi-metric,0.6022,0.6678083187648634,0.6442622737763919,0.5651392418219904
22,noisy_metrics,ACOS-only,0.548,0.4784272756256467,0.5309845524076555,0.4397278599303047
22,noisy_metrics,Evidence-aware,0.6716,0.7613236091397406,0.7013874108753204,0.6621976171099385
22,noisy_metrics,Multi-metric,0.639,0.705662541581843,0.6756054042312833,0.6140111673909372
23,cost_inflation,ACOS-only,0.553,0.4754401155852047,0.5378725160039248,0.4509866096955138
23,cost_inflation,Evidence-aware,0.6718,0.7552683221505205,0.7089210826297029,0.6738273135393137
23,cost_inflation,Multi-metric,0.6366,0.6849913291729084,0.6830570832568403,0.6204443486414111
23,conversion_degradation,ACOS-only,0.5402,0.467875012219004,0.5268100991054513,0.4381401174715959
23,conversion_degradation,Evidence-aware,0.6628,0.7376119114980898,0.7033184358461717,0.6637568460003207
23,conversion_degradation,Multi-metric,0.6054,0.6446599119561723,0.6541985956424767,0.5888453035526453
23,sparse_traffic,ACOS-only,0.5156,0.42337717282263404,0.5085992418546891,0.40398846953376244
23,sparse_traffic,Evidence-aware,0.6422,0.6980512489986215,0.6922903508456482,0.6311151899037732
23,sparse_traffic,Multi-metric,0.5956,0.6509983532882841,0.6508559472854778,0.5680889355750548
23,noisy_metrics,ACOS-only,0.5472,0.4789296103042043,0.5346082994639779,0.4390558128704779
23,noisy_metrics,Evidence-aware,0.666,0.7573634789237017,0.705656866089756,0.6612686912720003
23,noisy_metrics,Multi-metric,0.633,0.6956530189462699,0.6814715536702898,0.6124438693548653
24,cost_inflation,ACOS-only,0.5398,0.47270542260351733,0.5289637280440875,0.43854922010323777
24,cost_inflation,Evidence-aware,0.6622,0.7545830659878978,0.6986079755097743,0.6596272475003723
24,cost_inflation,Multi-metric,0.6302,0.6832155181037038,0.6731857528232494,0.6083253961617463
24,conversion_degradation,ACOS-only,0.536,0.45899022892510394,0.5242265983171521,0.4378770336376208
24,conversion_degradation,Evidence-aware,0.663,0.7292715905633851,0.7002332247593257,0.6628337293467498
24,conversion_degradation,Multi-metric,0.616,0.6500630703186813,0.6575392257540443,0.5967313711471103
24,sparse_traffic,ACOS-only,0.5066,0.4162065476880633,0.5005430080407278,0.39696601084110483
24,sparse_traffic,Evidence-aware,0.6358,0.691095841847377,0.6812533092533511,0.6205129978717062
24,sparse_traffic,Multi-metric,0.5936,0.6481642955018948,0.6422660100079552,0.5615881980681898
24,noisy_metrics,ACOS-only,0.5386,0.47218323670395546,0.5286503117459809,0.43337364610582985
24,noisy_metrics,Evidence-aware,0.661,0.7525914570621342,0.6982945592116676,0.6537489672846746
24,noisy_metrics,Multi-metric,0.6316,0.6960301629495312,0.674924951167138,0.6083798935856544
25,cost_inflation,ACOS-only,0.5412,0.47150166045865644,0.5325393662623391,0.44208266571296073
25,cost_inflation,Evidence-aware,0.6726,0.7578571411893715,0.7049754991455182,0.6694473399134673
25,cost_inflation,Multi-metric,0.6332,0.6919997167258477,0.6729518720444256,0.6141324712845366
25,conversion_degradation,ACOS-only,0.5258,0.44917633760400444,0.5189527212837679,0.42897987076665595
25,conversion_degradation,Evidence-aware,0.6626,0.7267344103600462,0.6984661805103283,0.660657040932369
25,conversion_degradation,Multi-metric,0.6032,0.6409270607902033,0.6451059140257136,0.5867658905368496
25,sparse_traffic,ACOS-only,0.5122,0.4346626170390791,0.5097675728248927,0.4030367829783068
25,sparse_traffic,Evidence-aware,0.651,0.7138385242263963,0.6932294151958744,0.6324389181761109
25,sparse_traffic,Multi-metric,0.6008,0.6727550797027299,0.6471511623953807,0.5702633648336249
25,noisy_metrics,ACOS-only,0.5376,0.47172632258855457,0.5306337703329498,0.432874257524294
25,noisy_metrics,Evidence-aware,0.669,0.7562698036181298,0.7030699032161287,0.6594465878348508
25,noisy_metrics,Multi-metric,0.6332,0.6969709618948314,0.6738022928596757,0.6112615599255309
26,cost_inflation,ACOS-only,0.5408,0.474882284974007,0.53288917996489,0.44304967422336416
26,cost_inflation,Evidence-aware,0.6742,0.7610071991272342,0.7076204696176457,0.6710719417756671
26,cost_inflation,Multi-metric,0.641,0.696393150927213,0.679308761701245,0.6210087519537743
26,conversion_degradation,ACOS-only,0.532,0.4632645799273245,0.5247917634179516,0.43621716459863863
26,conversion_degradation,Evidence-aware,0.6686,0.7388331928050064,0.7037115347460999,0.6662051505403986
26,conversion_degradation,Multi-metric,0.6178,0.6607744888267222,0.6566223046280274,0.5985434051979656
26,sparse_traffic,ACOS-only,0.5044,0.42604361623294773,0.5024759728320024,0.39475191234297524
26,sparse_traffic,Evidence-aware,0.6452,0.7042496136715308,0.6883806440769877,0.624831802106286
26,sparse_traffic,Multi-metric,0.5984,0.6599842130022958,0.6436226823914939,0.5636856056357145
26,noisy_metrics,ACOS-only,0.5346,0.4712151469990615,0.5287484750224284,0.43006334586013023
26,noisy_metrics,Evidence-aware,0.668,0.7551330073557614,0.703479764675184,0.6573393952359998
26,noisy_metrics,Multi-metric,0.6376,0.7047894961550026,0.6774243017225223,0.6129946520850913
27,cost_inflation,ACOS-only,0.5466,0.4766948872469089,0.5344692114469519,0.4471049602438951
27,cost_inflation,Evidence-aware,0.6774,0.7624506710543326,0.706481400357004,0.6733217558700016
27,cost_inflation,Multi-metric,0.6408,0.6943454750104474,0.6778007505593544,0.6201657270557612
27,conversion_degradation,ACOS-only,0.54,0.4641697134817596,0.5283572475719949,0.4428433768171892
27,conversion_degradation,Evidence-aware,0.6748,0.7406087341073717,0.705625678269169,0.6724324490587594
27,conversion_degradation,Multi-metric,0.618,0.6569303992041025,0.6554132224817829,0.600593035269955
27,sparse_traffic,ACOS-only,0.5086,0.4205985962848467,0.5026730388945635,0.39859863631709774
27,sparse_traffic,Evidence-aware,0.6468,0.698475081736519,0.686072806000239,0.6268479785302474
27,sparse_traffic,Multi-metric,0.5984,0.6553291684333781,0.6420446297926097,0.5634205052095612
27,noisy_metrics,ACOS-only,0.54,0.4703247040670314,0.5298357724765979,0.4341035483191236
27,noisy_metrics,Evidence-aware,0.6708,0.7541942571404513,0.70184796138665,0.659471190093109
27,noisy_metrics,Multi-metric,0.6368,0.6989920298794072,0.6753368077975752,0.6113156297335512
28,cost_inflation,ACOS-only,0.5314,0.459607503075597,0.5262737580726935,0.4330336014085601
28,cost_inflation,Evidence-aware,0.6652,0.7501399911293278,0.7011441668688161,0.6605564860614763
28,cost_inflation,Multi-metric,0.6312,0.686540392091989,0.6708131326044682,0.6090434303792901
28,conversion_degradation,ACOS-only,0.527,0.4550161830505002,0.5211487393103347,0.43256177690445635
28,conversion_degradation,Evidence-aware,0.664,0.732356656284021,0.7001966937983634,0.66220063456532
28,conversion_degradation,Multi-metric,0.6126,0.6504945870669678,0.6514242660727316,0.5926991612938256
28,sparse_traffic,ACOS-only,0.4996,0.41386882522728585,0.4995540593482447,0.39061464838932525
28,sparse_traffic,Evidence-aware,0.6382,0.6935293646640304,0.6828553617685567,0.617241538597159
28,sparse_traffic,Multi-metric,0.5936,0.6580944721865104,0.6389284557827557,0.5599894417451493
28,noisy_metrics,ACOS-only,0.5278,0.4654820957324718,0.5242398955867337,0.42338544886876567
28,noisy_metrics,Evidence-aware,0.6616,0.7526889990426396,0.6991103043828563,0.650103721710017
28,noisy_metrics,Multi-metric,0.629,0.6974299110216273,0.669830112909883,0.6027234263208487
29,cost_inflation,ACOS-only,0.5454,0.47306252529995757,0.5331040527549767,0.44402040730055986
29,cost_inflation,Evidence-aware,0.6746,0.7586457844983072,0.7043490042759798,0.6697811278188628
29,cost_inflation,Multi-metric,0.638,0.6901625246427345,0.6764853582500822,0.6175079352947062
29,conversion_degradation,ACOS-only,0.5344,0.4575242509644458,0.5236403137019153,0.43507105047581485
29,conversion_degradation,Evidence-aware,0.6662,0.7326680098548211,0.6983289738321898,0.6625618231365002
29,conversion_degradation,Multi-metric,0.6142,0.6498484416942174,0.6544553061174626,0.5965005748606546
29,sparse_traffic,ACOS-only,0.5142,0.42889365134161206,0.5081299552808793,0.40150596092562374
29,sparse_traffic,Evidence-aware,0.6502,0.7059995340460683,0.6898110137956406,0.6291460357353063
29,sparse_traffic,Multi-metric,0.6022,0.6634850615071152,0.6472677066331282,0.5685632063298857
29,noisy_metrics,ACOS-only,0.5432,0.47889134552692686,0.5324794921304161,0.4359186294609523
29,noisy_metrics,Evidence-aware,0.6724,0.761938519911443,0.7037244436514192,0.6610178504052954
29,noisy_metrics,Multi-metric,0.638,0.7069438157846055,0.6776086493733733,0.6134548059727457
30,cost_inflation,ACOS-only,0.5312,0.4651193417508175,0.5303570449751945,0.43556396187487645
30,cost_inflation,Evidence-aware,0.6634,0.7519391096880474,0.6987646882872964,0.6596409896982293
30,cost_inflation,Multi-metric,0.6378,0.6947836728541441,0.6786251009012337,0.6168119245254997
30,conversion_degradation,ACOS-only,0.5306,0.4566193236651296,0.5291030656110639,0.4383653749893767
30,conversion_degradation,Evidence-aware,0.6666,0.7346465002424074,0.702351473254376,0.6655302749525023
30,conversion_degradation,Multi-metric,0.6188,0.6581608553828495,0.658602925076292,0.6014709989645709
30,sparse_traffic,ACOS-only,0.4994,0.4363031916312948,0.5044256803167659,0.3942863091960218
30,sparse_traffic,Evidence-aware,0.6408,0.7155517906063547,0.6860082865899548,0.621660349088154
30,sparse_traffic,Multi-metric,0.6,0.6735296602069756,0.6473536006634271,0.5682175750531705
30,noisy_metrics,ACOS-only,0.5298,0.4705592832511515,0.5300387332830849,0.43044105762726004
30,noisy_metrics,Evidence-aware,0.662,0.7563640804286684,0.6984463765951868,0.6536786456085856
30,noisy_metrics,Multi-metric,0.6386,0.7087523394911841,0.6800573328487076,0.6158837696356516
31,cost_inflation,ACOS-only,0.5382,0.4786944019395314,0.5326851896502761,0.442859064271701
31,cost_inflation,Evidence-aware,0.6736,0.765218593260329,0.7069081616930393,0.670488032926493
31,cost_inflation,Multi-metric,0.6484,0.7046500972735024,0.6859816625574966,0.6280484151052578
31,conversion_degradation,ACOS-only,0.5294,0.45947254467571064,0.5241531207046352,0.4359826620335001
31,conversion_degradation,Evidence-aware,0.6686,0.7376162885468084,0.7033227389553117,0.6668127507270525
31,conversion_degradation,Multi-metric,0.6218,0.6623366200218064,0.6588996282127465,0.6034850681145493
31,sparse_traffic,ACOS-only,0.5028,0.417461934787664,0.5033594621544494,0.3947175603324083
31,sparse_traffic,Evidence-aware,0.6472,0.6976958768923255,0.6902101241019192,0.626421067607022
31,sparse_traffic,Multi-metric,0.607,0.661519814098052,0.6513104026063818,0.5730150327978706
31,noisy_metrics,ACOS-only,0.5288,0.4688784563652016,0.5254081233864927,0.4274332945395295
31,noisy_metrics,Evidence-aware,0.6642,0.7524168182192928,0.699631095429256,0.6541980182511175
31,noisy_metrics,Multi-metric,0.6416,0.7054808443533487,0.6807771496091585,0.6173298127668981
32,cost_inflation,ACOS-only,0.5452,0.47599663182456436,0.537756799431415,0.4441478088425879
32,cost_inflation,Evidence-aware,0.6786,0.7633579938103108,0.7143460596830642,0.6734693109287941
32,cost_inflation,Multi-metric,0.6402,0.6976555096361186,0.6809223214400488,0.619167169335951
32,conversion_degradation,ACOS-only,0.5434,0.4650445508287852,0.5360828987072164,0.444024725360818
32,conversion_degradation,Evidence-aware,0.6806,0.742483850513296,0.7176986139853205,0.6768518700526174
32,conversion_degradation,Multi-metric,0.6196,0.6545064175566532,0.6601618000629644,0.6014665745799247
32,sparse_traffic,ACOS-only,0.5114,0.43827142599463614,0.5093924328742774,0.40287933469618736
32,sparse_traffic,Evidence-aware,0.6494,0.7154973549409351,0.6939456223633009,0.6311387926250618
32,sparse_traffic,Multi-metric,0.6006,0.6799440798312052,0.6471560977424511,0.5704803938807881
32,noisy_metrics,ACOS-only,0.5334,0.46525504174239585,0.5287121359289202,0.42540059884024795
32,noisy_metrics,Evidence-aware,0.6668,0.7505480048508877,0.7053013961805694,0.6537993462770064
32,noisy_metrics,Multi-metric,0.6314,0.6960158158188581,0.6742872964917709,0.6048598796820241
33,cost_inflation,ACOS-only,0.5492,0.4759465225769658,0.5366083932655349,0.44716551249010267
33,cost_inflation,Evidence-aware,0.6786,0.763817333259172,0.7138487651730682,0.6763146075413654
33,cost_inflation,Multi-metric,0.6438,0.6966397712461969,0.6838834337394992,0.6232000639318367
33,conversion_degradation,ACOS-only,0.5434,0.4697319259991165,0.5319663416881817,0.4420832131368842
33,conversion_degradation,Evidence-aware,0.677,0.747876637636381,0.7149522676312826,0.6749095828605503
33,conversion_degradation,Multi-metric,0.6236,0.6607418887265212,0.664058967572341,0.6044529490149633
33,sparse_traffic,ACOS-only,0.5174,0.43661004144584525,0.5103748490075507,0.40315286804043665
33,sparse_traffic,Evidence-aware,0.651,0.7137934083589338,0.6958092434984964,0.630714689298527
33,sparse_traffic,Multi-metric,0.6062,0.6772631525301844,0.6523111375682328,0.5733252075827662
33,noisy_metrics,ACOS-only,0.5498,0.482293074296989,0.5377700553360564,0.44416411952870594
33,noisy_metrics,Evidence-aware,0.6792,0.7689238482242629,0.7150104272435895,0.6726805129171366
33,noisy_metrics,Multi-metric,0.6466,0.7113672780008099,0.6868185321175712,0.6248059055884199
34,cost_inflation,ACOS-only,0.551,0.48101313956592084,0.5331256252329467,0.4478905548541129
34,cost_inflation,Evidence-aware,0.6766,0.7622596419064875,0.7078945838645649,0.673432986338039
34,cost_inflation,Multi-metric,0.6372,0.6913187134865283,0.676420131221006,0.6157502697348077
34,conversion_degradation,ACOS-only,0.5378,0.4599744230792798,0.5207515968274917,0.4383042932936507
34,conversion_degradation,Evidence-aware,0.6656,0.7308347099283881,0.6985803607442281,0.6651422784264776
34,conversion_degradation,Multi-metric,0.6134,0.6488085791310679,0.6535809093384959,0.5950831130470735
34,sparse_traffic,ACOS-only,0.5156,0.434969284435483,0.5036385561817465,0.4004446256169759
34,sparse_traffic,Evidence-aware,0.6468,0.7051108209744767,0.6886542470559952,0.6258100339840069
34,sparse_traffic,Multi-metric,0.5966,0.6563598189985024,0.6423419122504753,0.5607087594710044
34,noisy_metrics,ACOS-only,0.5426,0.4716983001532955,0.526593018028447,0.43378872903249927
34,noisy_metrics,Evidence-aware,0.6682,0.7502069835080094,0.7013619766600654,0.6585175414666693
34,noisy_metrics,Multi-metric,0.6322,0.6908280119420087,0.6727346862658565,0.6064115787290216
35,cost_inflation,ACOS-only,0.5376,0.475250506456468,0.5328161509462612,0.4416082955955184
35,cost_inflation,Evidence-aware,0.6676,0.7617534742895419,0.706730795760036,0.6679644766594246
35,cost_inflation,Multi-metric,0.6312,0.6903342234242601,0.6745328466025431,0.6140633356509584
35,conversion_degradation,ACOS-only,0.5314,0.4637528158343436,0.526916783496947,0.437434554368502
35,conversion_degradation,Evidence-aware,0.6658,0.7380617190734509,0.706705927643165,0.6673077087567136
35,conversion_degradation,Multi-metric,0.6136,0.6561428808159857,0.6564058854012707,0.5980653247291826
35,sparse_traffic,ACOS-only,0.5036,0.43924896548596426,0.5055738021113065,0.3971162334728918
35,sparse_traffic,Evidence-aware,0.6418,0.7182223683596882,0.6918359447382574,0.626603849116844
35,sparse_traffic,Multi-metric,0.5922,0.6765689315488089,0.6432584376890685,0.5623115441609319
35,noisy_metrics,ACOS-only,0.5304,0.4754837378475935,0.5280869176247777,0.42819823687621084
35,noisy_metrics,Evidence-aware,0.6604,0.7601000757640523,0.7020015624385524,0.6537307644398027
35,noisy_metrics,Multi-metric,0.6254,0.6992322875816336,0.670855511574337,0.6031379581544212
36,cost_inflation,ACOS-only,0.5392,0.47556404007435205,0.5322238433225388,0.44276307546107657
36,cost_inflation,Evidence-aware,0.6738,0.7652031855484994,0.7070867581854536,0.6717358260265993
36,cost_inflation,Multi-metric,0.639,0.6941313417789449,0.6761094131548316,0.6192381791695258
36,conversion_degradation,ACOS-only,0.529,0.4564816478713053,0.5239818724031103,0.4322545636450544
36,conversion_degradation,Evidence-aware,0.6676,0.7353257298752693,0.7040395924608304,0.6643291776188069
36,conversion_degradation,Multi-metric,0.6176,0.6531800535405496,0.6559306447110606,0.5977420319157333
36,sparse_traffic,ACOS-only,0.5064,0.4366227560892037,0.5051729656174937,0.3974048599072237
36,sparse_traffic,Evidence-aware,0.6444,0.7163163422549828,0.6862407866853149,0.6237831432696631
36,sparse_traffic,Multi-metric,0.5992,0.674054159295568,0.6423988808069312,0.56552158391176
36,noisy_metrics,ACOS-only,0.5304,0.46357181698813293,0.525713582463849,0.4271638679595046
36,noisy_metrics,Evidence-aware,0.665,0.7514753453751031,0.7005764973267639,0.655310432868523
36,noisy_metrics,Multi-metric,0.6328,0.694884663588156,0.671684156305765,0.607874454651017
37,cost_inflation,ACOS-only,0.5384,0.47441726772587545,0.5261436313087569,0.4390226848545091
37,cost_inflation,Evidence-aware,0.6634,0.754073725004658,0.6988211008446654,0.6615954683864237
37,cost_inflation,Multi-metric,0.6326,0.6883748403020713,0.6754430259643239,0.6119265389476969
37,conversion_degradation,ACOS-only,0.5376,0.46653911185578306,0.5239975552679926,0.44193924767592396
37,conversion_degradation,Evidence-aware,0.6658,0.7361303647091836,0.7010888179073497,0.6672252744105995
37,conversion_degradation,Multi-metric,0.6174,0.6561403106862976,0.6593434143560002,0.5991326435538351
37,sparse_traffic,ACOS-only,0.506,0.4226570687401871,0.4994884687030588,0.39707834981398615
37,sparse_traffic,Evidence-aware,0.6354,0.6922986238078721,0.6810474523691206,0.6181917003631278
37,sparse_traffic,Multi-metric,0.5936,0.6644723408033714,0.6430040937989254,0.5626136869187851
37,noisy_metrics,ACOS-only,0.5306,0.47737117849677446,0.520797362961793,0.4235740271817135
37,noisy_metrics,Evidence-aware,0.6556,0.7551577185313715,0.6934748324977017,0.6452905597027365
37,noisy_metrics,Multi-metric,0.626,0.6953673408345684,0.6708958595917255,0.5995468271901139
38,cost_inflation,ACOS-only,0.536,0.4640511737285381,0.5240929130907214,0.43598424053316515
38,cost_inflation,Evidence-aware,0.667,0.7561163315988783,0.6992266029302934,0.6650628868378285
38,cost_inflation,Multi-metric,0.6316,0.6873380161838771,0.6726591446297971,0.6126700849552177
38,conversion_degradation,ACOS-only,0.5268,0.4506811478047168,0.517109089365148,0.42966979426118923
38,conversion_degradation,Evidence-aware,0.663,0.7286976819003524,0.6991946508624742,0.6626893289782525
38,conversion_degradation,Multi-metric,0.612,0.6490136226394789,0.6552671303975627,0.5962863866743856
38,sparse_traffic,ACOS-only,0.499,0.40445512431832836,0.4950595934871833,0.387494311171818
38,sparse_traffic,Evidence-aware,0.6366,0.6890071258325603,0.6799795486327629,0.6181744738003292
38,sparse_traffic,Multi-metric,0.5924,0.649023266894685,0.6412791159225699,0.5603480904721815
38,noisy_metrics,ACOS-only,0.5354,0.47216146997450936,0.5246559838665792,0.431842930922115
38,noisy_metrics,Evidence-aware,0.6664,0.761522869953565,0.6997896737061513,0.6601485270781585
38,noisy_metrics,Multi-metric,0.6346,0.7038765789625556,0.6761492747787898,0.6142163710428681
39,cost_inflation,ACOS-only,0.5482,0.4799404389917754,0.539131865897828,0.44995150622801516
39,cost_inflation,Evidence-aware,0.6792,0.7677373024398904,0.7127536862321115,0.6765358589224142
39,cost_inflation,Multi-metric,0.65,0.7082608041900563,0.6869257287282668,0.6290830639538744
39,conversion_degradation,ACOS-only,0.5432,0.47351517524912135,0.5343253456072224,0.44709011832977563
39,conversion_degradation,Evidence-aware,0.6764,0.7474671746340302,0.710857218851559,0.6746774595949304
39,conversion_degradation,Multi-metric,0.6312,0.6691728057323933,0.6675956621814769,0.6117679722519239
39,sparse_traffic,ACOS-only,0.5098,0.4338591684512543,0.5064592808753594,0.39904873943630703
39,sparse_traffic,Evidence-aware,0.645,0.7126381755493072,0.6875484802668159,0.6247040205823713
39,sparse_traffic,Multi-metric,0.6064,0.6821610332958342,0.6494775815776045,0.5732419602277061
39,noisy_metrics,ACOS-only,0.5396,0.4743129994721599,0.5323538003684213,0.4361290925701783
39,noisy_metrics,Evidence-aware,0.6706,0.7599060399725234,0.7059756207027048,0.6619345784761397
39,noisy_metrics,Multi-metric,0.6448,0.712369347039615,0.6829708525325631,0.6211366065176511
40,cost_inflation,ACOS-only,0.5354,0.46424776607042856,0.5257843343742113,0.4347233006970711
40,cost_inflation,Evidence-aware,0.6634,0.7530422685344711,0.7000052998688429,0.6615066223373415
40,cost_inflation,Multi-metric,0.633,0.6874137215219369,0.6729486821096349,0.610988770646238
40,conversion_degradation,ACOS-only,0.5318,0.4570359979784997,0.5222840986684442,0.4346041877827601
40,conversion_degradation,Evidence-aware,0.6626,0.7330449603245774,0.7003145879725995,0.6632472630733844
40,conversion_degradation,Multi-metric,0.6156,0.6514494854234874,0.6547511546153995,0.5963337964105654
40,sparse_traffic,ACOS-only,0.5066,0.426164753879661,0.50091093693395,0.39491635808616116
40,sparse_traffic,Evidence-aware,0.6398,0.7061844801623601,0.6840606787583905,0.6219194630768776
40,sparse_traffic,Multi-metric,0.5988,0.6695598819386965,0.6432847402800081,0.5652873207296054
40,noisy_metrics,ACOS-only,0.5378,0.4737086528798537,0.5283575860371934,0.43291349766833453
40,noisy_metrics,Evidence-aware,0.6658,0.7609688505989828,0.702578551531825,0.6589902614188882
40,noisy_metrics,Multi-metric,0.6376,0.706474999876336,0.6772110028630369,0.614203725418317
41,cost_inflation,ACOS-only,0.55,0.479673259371448,0.5391050189161513,0.44978185222573996
41,cost_inflation,Evidence-aware,0.6832,0.7667338164598589,0.7137732758840457,0.6780978022755194
41,cost_inflation,Multi-metric,0.6504,0.7050487286281977,0.6868468325102471,0.6293577236515034
41,conversion_degradation,ACOS-only,0.5446,0.4714403269183952,0.533794129128675,0.44723446632614017
41,conversion_degradation,Evidence-aware,0.6816,0.7470999261742375,0.7134362080860982,0.6784382614846634
41,conversion_degradation,Multi-metric,0.6258,0.6637917764047752,0.6622014834718863,0.608622081744297
41,sparse_traffic,ACOS-only,0.5198,0.4442434777740881,0.5143139213321031,0.4081910650861714
41,sparse_traffic,Evidence-aware,0.6584,0.7215342105342978,0.6977928601674656,0.6363078816811022
41,sparse_traffic,Multi-metric,0.613,0.6778925755520998,0.6557957120624791,0.5783514773563613
41,noisy_metrics,ACOS-only,0.5426,0.4730435270487455,0.5336322810431047,0.43594407799892726
41,noisy_metrics,Evidence-aware,0.6758,0.7574454698357812,0.7083005380109991,0.6634735683459744
41,noisy_metrics,Multi-metric,0.6454,0.7058864460843128,0.6833845124069772,0.6196772744307163
42,cost_inflation,ACOS-only,0.5384,0.4631685760958496,0.5282504325877373,0.4387484589023856
42,cost_inflation,Evidence-aware,0.6686,0.7514417186866024,0.7031409233768112,0.6668232093978459
42,cost_inflation,Multi-metric,0.6348,0.6868842480141563,0.6754033504769006,0.6150134177060081
42,conversion_degradation,ACOS-only,0.5314,0.457145958008409,0.5226702074062413,0.4338406428526177
42,conversion_degradation,Evidence-aware,0.6652,0.7355338177246756,0.702392912960416,0.6649786237647358
42,conversion_degradation,Multi-metric,0.6124,0.6519595994046081,0.6541098366303141,0.5952351834106502
42,sparse_traffic,ACOS-only,0.5092,0.4352582401053645,0.5049456483482585,0.39845161337179213
42,sparse_traffic,Evidence-aware,0.6416,0.7117741274427701,0.6849207912764215,0.6229167400257063
42,sparse_traffic,Multi-metric,0.5986,0.6744458692054555,0.6450273161512328,0.5678532461145347
42,noisy_metrics,ACOS-only,0.5368,0.4731742820239588,0.5280479591675727,0.43161226588663365
42,noisy_metrics,Evidence-aware,0.667,0.7597134309599548,0.7029384499566467,0.6589511477593121
42,noisy_metrics,Multi-metric,0.6376,0.7036000633513597,0.6785869170807582,0.6154780493258096
43,cost_inflation,ACOS-only,0.5416,0.46936256504562157,0.5286841780384275,0.44050910264404425
43,cost_inflation,Evidence-aware,0.6756,0.7566243563823629,0.7073195743445044,0.6702752941320699
43,cost_inflation,Multi-metric,0.643,0.6919586296592356,0.67815613996109,0.6205388552630827
43,conversion_degradation,ACOS-only,0.5334,0.4569252929690687,0.5204481001113261,0.4372096624557368
43,conversion_degradation,Evidence-aware,0.6696,0.7328973925745759,0.7020129238474963,0.6682562728484728
43,conversion_degradation,Multi-metric,0.6244,0.6587445201069204,0.6597359025673329,0.6047999885971019
43,sparse_traffic,ACOS-only,0.514,0.42746905301913996,0.5054748417067124,0.4000843443781294
43,sparse_traffic,Evidence-aware,0.6512,0.7032804087804048,0.6906442045700484,0.6274945665956208
43,sparse_traffic,Multi-metric,0.6088,0.669899905097695,0.6491041267003336,0.572910563769386
43,noisy_metrics,ACOS-only,0.5394,0.4765889910106772,0.5277231952719958,0.4318087106852987
43,noisy_metrics,Evidence-aware,0.6734,0.7621300999451568,0.7063585915780728,0.6608579064526517
43,noisy_metrics,Multi-metric,0.642,0.7057913974383816,0.6780996046135894,0.6152409640170056
44,cost_inflation,ACOS-only,0.543,0.4747854988983063,0.5301737468740599,0.4430760500923306
44,cost_inflation,Evidence-aware,0.6724,0.7549923715464725,0.701903782557584,0.6666003069635348
44,cost_inflation,Multi-metric,0.6434,0.6945267647683269,0.6801523081821025,0.6204441044011266
44,conversion_degradation,ACOS-only,0.5404,0.46492221122480676,0.5272468042110766,0.44357125664932456
44,conversion_degradation,Evidence-aware,0.674,0.7365128143455255,0.7045323954501562,0.6708694802290791
44,conversion_degradation,Multi-metric,0.6196,0.6563204395469932,0.6561838784557028,0.6002919359588781
44,sparse_traffic,ACOS-only,0.5052,0.4121684088762401,0.4980546365296107,0.39396628574668685
44,sparse_traffic,Evidence-aware,0.641,0.6852149515011203,0.6797360687924383,0.6184291143520286
44,sparse_traffic,Multi-metric,0.6006,0.6503383260634783,0.6433854506862942,0.5646275702022672
44,noisy_metrics,ACOS-only,0.5344,0.4676193869138462,0.5236132894083779,0.4278012490761224
44,noisy_metrics,Evidence-aware,0.6638,0.7454389429608091,0.6953433250919019,0.6504778554728058
44,noisy_metrics,Multi-metric,0.6366,0.6966828682125917,0.675081707814417,0.6082186589265586
45,cost_inflation,ACOS-only,0.5508,0.48477441922265224,0.5377440152911568,0.45022899040558695
45,cost_inflation,Evidence-aware,0.6772,0.7698476142115831,0.7097740823471811,0.6751310077269184
45,cost_inflation,Multi-metric,0.644,0.7031215984139084,0.6832884576726046,0.6241456989806193
45,conversion_degradation,ACOS-only,0.541,0.46911836730861645,0.5293741752587079,0.44140485141475433
45,conversion_degradation,Evidence-aware,0.6704,0.7429995011734881,0.7054803292712538,0.6687538726100698
45,conversion_degradation,Multi-metric,0.6172,0.65792027216289,0.657568772746554,0.5985045397964699
45,sparse_traffic,ACOS-only,0.516,0.44591169762125915,0.5090109670990784,0.40458061584265764
45,sparse_traffic,Evidence-aware,0.6484,0.7209771892593878,0.6910842961062167,0.6300354833671429
45,sparse_traffic,Multi-metric,0.6042,0.6852119879036737,0.6501089667417776,0.5721830489067771
45,noisy_metrics,ACOS-only,0.5378,0.47218742202883995,0.527697614345425,0.42950614468698217
45,noisy_metrics,Evidence-aware,0.6642,0.7535558868712058,0.6997276814014491,0.653430132250076
45,noisy_metrics,Multi-metric,0.6342,0.6969177186963356,0.6757854346042982,0.6086247108903592
46,cost_inflation,ACOS-only,0.5408,0.470091044893425,0.5341104836593762,0.44215499177968987
46,cost_inflation,Evidence-aware,0.6752,0.7621256396880701,0.7075846509816947,0.6708070421181191
46,cost_inflation,Multi-metric,0.644,0.6988015894117688,0.6802039857411258,0.6235943480815814
46,conversion_degradation,ACOS-only,0.5278,0.4498742993059649,0.5230607835634282,0.42950515238797066
46,conversion_degradation,Evidence-aware,0.6656,0.7284149288038593,0.7009220476599402,0.6602256120173378
46,conversion_degradation,Multi-metric,0.62,0.6516192558353466,0.6574748718084253,0.5991326128463298
46,sparse_traffic,ACOS-only,0.5048,0.4117252849721086,0.5032329734165769,0.39537996856462654
46,sparse_traffic,Evidence-aware,0.6442,0.6940197443085698,0.6851320030520346,0.6232107206777967
46,sparse_traffic,Multi-metric,0.6028,0.6609065849545027,0.6444483921547743,0.5699477786513828
46,noisy_metrics,ACOS-only,0.5336,0.4635941986343347,0.5287590647393922,0.42932645296031524
46,noisy_metrics,Evidence-aware,0.668,0.7548645182119877,0.7022332320617106,0.6572771252307431
46,noisy_metrics,Multi-metric,0.6386,0.7032595156037902,0.6763174286987347,0.6138532814579875
47,cost_inflation,ACOS-only,0.5292,0.46077442787890066,0.524366297893696,0.43273639042036144
47,cost_inflation,Evidence-aware,0.6694,0.7485794637151898,0.6997245251219038,0.6619895689691971
47,cost_inflation,Multi-metric,0.6318,0.6842179922090643,0.6670857893803739,0.6091582472116743
47,conversion_degradation,ACOS-only,0.5216,0.4502807915002586,0.5167878547493272,0.42770118180326566
47,conversion_degradation,Evidence-aware,0.665,0.7284144330575559,0.6961460819775348,0.6592018165528242
47,conversion_degradation,Multi-metric,0.609,0.6452599667195777,0.6446900834386411,0.5880271530280864
47,sparse_traffic,ACOS-only,0.5058,0.4355808754379041,0.5063741602641301,0.3948703115517947
47,sparse_traffic,Evidence-aware,0.6526,0.716047371440793,0.6914434550731408,0.6248132514328285
47,sparse_traffic,Multi-metric,0.6022,0.6746256833464674,0.6438860317061226,0.5634470079284923
47,noisy_metrics,ACOS-only,0.529,0.4757255601944753,0.5258833566800973,0.42522281156795066
47,noisy_metrics,Evidence-aware,0.6692,0.7617992822532083,0.7012415839083049,0.6537193895115492
47,noisy_metrics,Multi-metric,0.6314,0.7013638156095647,0.6682713115185349,0.6032791135228425
48,cost_inflation,ACOS-only,0.5478,0.4765122546355355,0.539332363155016,0.4520257697677392
48,cost_inflation,Evidence-aware,0.6818,0.7645022862770049,0.7129805904270405,0.6800546651634812
48,cost_inflation,Multi-metric,0.6518,0.7026540689281487,0.6878857757091297,0.6339526964532709
48,conversion_degradation,ACOS-only,0.538,0.4631641950870951,0.5311513168259328,0.4412794512463645
48,conversion_degradation,Evidence-aware,0.675,0.7404939513912387,0.7086805272803636,0.6714966672670738
48,conversion_degradation,Multi-metric,0.6288,0.6665130498012843,0.6661292158895593,0.6104112180501715
48,sparse_traffic,ACOS-only,0.5122,0.43076704524032133,0.5105593697848213,0.4019054257283341
48,sparse_traffic,Evidence-aware,0.6522,0.7095190618082674,0.6935768470942124,0.6306407882677051
48,sparse_traffic,Multi-metric,0.6132,0.6830540771776847,0.6564408605697666,0.5810693894516936
48,noisy_metrics,ACOS-only,0.5412,0.47328043159710803,0.5350854920038406,0.43804340309576106
48,noisy_metrics,Evidence-aware,0.6752,0.7598485118072091,0.7087337192758651,0.6652176210632403
48,noisy_metrics,Multi-metric,0.6472,0.711767072299125,0.6852260694645345,0.6237198130309365
49,cost_inflation,ACOS-only,0.5426,0.46519949995953597,0.5287493620022372,0.44334790672036223
49,cost_inflation,Evidence-aware,0.6682,0.747581141145915,0.7001728272136969,0.6674395713781905
49,cost_inflation,Multi-metric,0.633,0.6825133664408762,0.671107896333637,0.6136964793528661
49,conversion_degradation,ACOS-only,0.5346,0.4542543525001668,0.5216909568087207,0.43749934463229223
49,conversion_degradation,Evidence-aware,0.6642,0.7267398723414399,0.6985714479410536,0.6647782217387661
49,conversion_degradation,Multi-metric,0.6096,0.6420015771021547,0.6488764096150202,0.590261230117474
49,sparse_traffic,ACOS-only,0.5058,0.4129280134808056,0.4980079382370287,0.392284588946719
49,sparse_traffic,Evidence-aware,0.6382,0.6875338759682427,0.6804567786190205,0.6181545017807754
49,sparse_traffic,Multi-metric,0.5902,0.6376390157978874,0.635075442391899,0.5534954373503489
49,noisy_metrics,ACOS-only,0.5382,0.4662258763642317,0.5257696476780346,0.4333345016052272
49,noisy_metrics,Evidence-aware,0.6638,0.7471773497758202,0.6971931128894944,0.6567475215660725
49,noisy_metrics,Multi-metric,0.6278,0.6889927225807682,0.6673912059159182,0.6034780948570846
